﻿<?xml version="1.0" encoding="utf-8" ?>

<!--
    DISCLAIMER: BE VERY CAREFUL WHEN EDITING THIS FILE!
    Errors in this file can break both websites and back-end.
 -->

<Descriptors
  xmlns="urn:descriptors-schema"
  xmlns:xsi="http://www.w3.org/2001/XMLSchema-instance"
  xsi:noNamespaceSchemaLocation="Descriptors.xsd">

<!--
    Descriptor definition for OneDrivePro Import Migrations via the Migration API.
    Implemented via MailboxConnectorSettingsSharePointOnline Connector (import-only connector).
    Label:  "OneDrive for Business"
-->
    <Descriptor>
        <ProjectType>Storage</ProjectType>
        <MailboxConnectorType>OneDriveProAPI</MailboxConnectorType>
        <ConfigurationName>SharePointOnlineConfiguration</ConfigurationName>
        <ValidatorName>SharePointOnlineConfigurationValidator</ValidatorName>
        <ConnectorFactory>MailboxConnectorSettingsSharePointOnlineStorage</ConnectorFactory>
        <Implementations>
            <Implementation>MailboxConnectorSettingsSharePointOnlineStorage</Implementation>
        </Implementations>
        <AdministrativeCredentialsMode>Optional</AdministrativeCredentialsMode>
        <IsAutoConfigured>true</IsAutoConfigured>
        <SupportsSizeAssessment>false</SupportsSizeAssessment>
        <UsernameRequirements>Never</UsernameRequirements>
        <PasswordRequirements>Default</PasswordRequirements>
        <RequestUserCredentialsRequirements>Default</RequestUserCredentialsRequirements>
        <UserCredentialsType>UserPassword</UserCredentialsType>
        <IdentifierRequirements>EmailAddress</IdentifierRequirements>
        <UserRoles>Administrator</UserRoles>
        <AdministrativeCredentialsType>UserPassword</AdministrativeCredentialsType>
        <WatermarkCommitMethod>AutoCommit</WatermarkCommitMethod>
        <ConnectionMethod>Url</ConnectionMethod>
        <EndpointLocation>Destination</EndpointLocation>
        <FieldOverrides>
            <ConfigurationField>
                <Key>AdministrativePassword</Key>
                <InputType>Password</InputType>
            </ConfigurationField>
        </FieldOverrides>
        <RequiredFeatures>
            <Feature>5ada5850-f0e6-4b54-a668-75b52ae2e02a</Feature>
        </RequiredFeatures>
    </Descriptor>

    <!--
        Descriptor definition for OneDrivePro Export Migrations via the CSOM API.
        Implemented via MailboxConnectorSettingsOneDriveProOnline Connector (legacy connector).
        Label:  "OneDrive for Business"
    -->
    <Descriptor>
        <ProjectType>Storage</ProjectType>
        <MailboxConnectorType>OneDrivePro</MailboxConnectorType>
        <ConfigurationName>OneDriveProConfiguration</ConfigurationName>
        <ValidatorName>OneDriveProConfigurationValidator</ValidatorName>
        <ConnectorFactory>MailboxConnectorSettingsOneDriveProOnline</ConnectorFactory>
        <Implementations>
            <Implementation>MailboxConnectorSettingsOneDriveProOnline</Implementation>
        </Implementations>
        <AdministrativeCredentialsMode>Optional</AdministrativeCredentialsMode>
        <IsAutoConfigured>true</IsAutoConfigured>
        <SupportsSizeAssessment>false</SupportsSizeAssessment>
        <UsernameRequirements>Never</UsernameRequirements>
        <PasswordRequirements>Default</PasswordRequirements>
        <RequestUserCredentialsRequirements>Default</RequestUserCredentialsRequirements>
        <UserCredentialsType>UserPassword</UserCredentialsType>
        <IdentifierRequirements>EmailAddress</IdentifierRequirements>
        <UserRoles>Everyone</UserRoles>
        <AdministrativeCredentialsType>UserPassword</AdministrativeCredentialsType>
        <WatermarkCommitMethod>AutoCommit</WatermarkCommitMethod>
        <ConnectionMethod>Url</ConnectionMethod>
        <EndpointLocation>Any</EndpointLocation>
        <FieldOverrides>
            <ConfigurationField>
                <Key>AdministrativePassword</Key>
                <InputType>Password</InputType>
            </ConfigurationField>
        </FieldOverrides>
        <RequiredFeatures>
            <Feature>5ada5850-f0e6-4b54-a668-75b52ae2e02a</Feature>
        </RequiredFeatures>
    </Descriptor>

</Descriptors>