﻿<?xml version="1.0" encoding="utf-8" ?>

<!--
    DISCLAIMER: BE VERY CAREFUL WHEN EDITING THIS FILE!
    Errors in this file can break both websites and back-end.
 -->

<Descriptors
  xmlns="urn:descriptors-schema"
  xmlns:xsi="http://www.w3.org/2001/XMLSchema-instance"
  xsi:noNamespaceSchemaLocation="Descriptors.xsd">

    <Descriptor>
        <ProjectType>Collaboration</ProjectType>
        <MailboxConnectorType>SharePoint</MailboxConnectorType>
        <ConfigurationName>SharePointConfiguration</ConfigurationName>
        <ValidatorName>SharePointConfigurationValidator</ValidatorName>
        <ConnectorFactory>MailboxConnectorSettingsSharePointCollaboration</ConnectorFactory>
        <Implementations>
            <Implementation>MailboxConnectorSettingsSharePointCollaboration</Implementation>
        </Implementations>
        <AdministrativeCredentialsMode>Mandatory</AdministrativeCredentialsMode>
        <IsAutoConfigured>false</IsAutoConfigured>
        <SupportsSizeAssessment>false</SupportsSizeAssessment>
        <UsernameRequirements>Never</UsernameRequirements>
        <PasswordRequirements>Default</PasswordRequirements>
        <RequestUserCredentialsRequirements>Default</RequestUserCredentialsRequirements>
        <UserCredentialsType>UserPassword</UserCredentialsType>
        <IdentifierRequirements>Library</IdentifierRequirements>
        <UserRoles>Everyone</UserRoles>
        <AdministrativeCredentialsType>UserPassword</AdministrativeCredentialsType>
        <WatermarkCommitMethod>AutoCommit</WatermarkCommitMethod>
        <ConnectionMethod>Url</ConnectionMethod>
        <EndpointLocation>Destination</EndpointLocation>
        <FieldOverrides>
            <ConfigurationField>
                <Key>AdministrativePassword</Key>
                <InputType>Password</InputType>
            </ConfigurationField>
        </FieldOverrides>
        <RequiredFeatures>
            <Feature>4903e359-1dc0-4e94-9f0d-3b283902f23a</Feature>
        </RequiredFeatures>
    </Descriptor>

    <Descriptor>
      <ProjectType>Collaboration</ProjectType>
      <MailboxConnectorType>GoogleSites</MailboxConnectorType>
      <ConfigurationName>GoogleSitesConfiguration</ConfigurationName>
      <ValidatorName>GoogleSitesConfigurationValidator</ValidatorName>
      <ConnectorFactory>MailboxConnectorSettingsGoogleSites</ConnectorFactory>
      <Implementations>
        <Implementation>MailboxConnectorSettingsGoogleSites</Implementation>
      </Implementations>
      <AdministrativeCredentialsMode>Mandatory</AdministrativeCredentialsMode>
      <IsAutoConfigured>false</IsAutoConfigured>
      <SupportsSizeAssessment>false</SupportsSizeAssessment>
      <UsernameRequirements>Never</UsernameRequirements>
      <PasswordRequirements>Default</PasswordRequirements>
      <RequestUserCredentialsRequirements>Default</RequestUserCredentialsRequirements>
      <UserCredentialsType>UserPassword</UserCredentialsType>
      <IdentifierRequirements>Library</IdentifierRequirements>
      <UserRoles>Everyone</UserRoles>
      <AdministrativeCredentialsType>NotSupported</AdministrativeCredentialsType>
      <WatermarkCommitMethod>AutoCommit</WatermarkCommitMethod>
      <ConnectionMethod>Url</ConnectionMethod>
      <EndpointLocation>Source</EndpointLocation>
      <FieldOverrides>
        <ConfigurationField>
          <Key>AdministrativePassword</Key>
          <InputType>Password</InputType>
        </ConfigurationField>
      </FieldOverrides>
      <RequiredFeatures>
        <Feature>4903e359-1dc0-4e94-9f0d-3b283902f23a</Feature>
      </RequiredFeatures>
    </Descriptor>

</Descriptors>