﻿<?xml version="1.0" encoding="utf-8" ?>

<!-- 
    DISCLAIMER: BE VERY CAREFUL WHEN EDITING THIS FILE!
    Errors in this file can break both websites and back-end.
 -->

<Descriptors
  xmlns="urn:descriptors-schema"
  xmlns:xsi="http://www.w3.org/2001/XMLSchema-instance"
  xsi:noNamespaceSchemaLocation="Descriptors.xsd">

  <Descriptor>
    <ProjectType>Storage</ProjectType>
    <MailboxConnectorType>GoogleDrive</MailboxConnectorType>
    <ConfigurationName>GoogleDriveConfiguration</ConfigurationName>
    <ValidatorName>GoogleDriveConfigurationValidator</ValidatorName>
    <ConnectorFactory>MailboxConnectorSettingsGoogleDrive</ConnectorFactory>
    <Implementations>
      <Implementation>MailboxConnectorSettingsGoogleDrive</Implementation>
    </Implementations>
    <AdministrativeCredentialsMode>Mandatory</AdministrativeCredentialsMode>
    <IsAutoConfigured>true</IsAutoConfigured>
    <SupportsSizeAssessment>true</SupportsSizeAssessment>
    <UsernameRequirements>Never</UsernameRequirements>
    <PasswordRequirements>Authorization</PasswordRequirements>
    <RequestUserCredentialsRequirements>Default</RequestUserCredentialsRequirements>
    <UserCredentialsType>Token</UserCredentialsType>
    <IdentifierRequirements>EmailAddress</IdentifierRequirements>
    <UserRoles>Everyone</UserRoles>
    <AdministrativeCredentialsType>NotSupported</AdministrativeCredentialsType>
    <WatermarkCommitMethod>AutoCommit</WatermarkCommitMethod>
    <ConnectionMethod>Host</ConnectionMethod>
    <EndpointLocation>Any</EndpointLocation>
    <FieldOverrides/>
    <RequiredFeatures>
      <Feature>5ada5850-f0e6-4b54-a668-75b52ae2e02a</Feature>
    </RequiredFeatures>
  </Descriptor>


  <Descriptor>
    <ProjectType>Storage</ProjectType>
    <MailboxConnectorType>DropBox</MailboxConnectorType>
    <ConfigurationName>DropBoxConfiguration</ConfigurationName>
    <ValidatorName>DropBoxConfigurationValidator</ValidatorName>
    <ConnectorFactory>MailboxConnectorSettingsDropBox</ConnectorFactory>
    <Implementations>
      <Implementation>MailboxConnectorSettingsDropBox</Implementation>
    </Implementations>
    <AdministrativeCredentialsMode>Optional</AdministrativeCredentialsMode>
    <IsAutoConfigured>true</IsAutoConfigured>
    <SupportsSizeAssessment>false</SupportsSizeAssessment>
    <UsernameRequirements>Never</UsernameRequirements>
    <PasswordRequirements>Authorization</PasswordRequirements>
    <RequestUserCredentialsRequirements>Mandatory</RequestUserCredentialsRequirements>
    <UserCredentialsType>Token</UserCredentialsType>
    <IdentifierRequirements>EmailAddress</IdentifierRequirements>
    <UserRoles>Everyone</UserRoles>
    <AdministrativeCredentialsType>UserPassword</AdministrativeCredentialsType>
    <WatermarkCommitMethod>AutoCommit</WatermarkCommitMethod>
    <ConnectionMethod>Url</ConnectionMethod>
    <EndpointLocation>Any</EndpointLocation>
    <FieldOverrides/>
    <RequiredFeatures>
      <Feature>5ada5850-f0e6-4b54-a668-75b52ae2e02a</Feature>
    </RequiredFeatures>
  </Descriptor>

  <Descriptor>
    <ProjectType>Storage</ProjectType>
    <MailboxConnectorType>BoxStorage</MailboxConnectorType>
    <ConfigurationName>BoxStorageConfiguration</ConfigurationName>
    <ValidatorName>BoxStorageConfigurationValidator</ValidatorName>
    <ConnectorFactory>MailboxConnectorSettingsBoxStorage</ConnectorFactory>
    <Implementations>
      <Implementation>MailboxConnectorSettingsBoxStorage</Implementation>
    </Implementations>
    <AdministrativeCredentialsMode>Optional</AdministrativeCredentialsMode>
    <IsAutoConfigured>true</IsAutoConfigured>
    <SupportsSizeAssessment>false</SupportsSizeAssessment>
    <UsernameRequirements>Never</UsernameRequirements>
    <PasswordRequirements>Authorization</PasswordRequirements>
    <RequestUserCredentialsRequirements>Mandatory</RequestUserCredentialsRequirements>
    <UserCredentialsType>Token</UserCredentialsType>
    <IdentifierRequirements>EmailAddress</IdentifierRequirements>
    <UserRoles>Everyone</UserRoles>
    <AdministrativeCredentialsType>UserPassword</AdministrativeCredentialsType>
    <WatermarkCommitMethod>AutoCommit</WatermarkCommitMethod>
    <ConnectionMethod>Url</ConnectionMethod>
    <EndpointLocation>Any</EndpointLocation>
    <FieldOverrides/>
    <RequiredFeatures>
      <Feature>5ada5850-f0e6-4b54-a668-75b52ae2e02a</Feature>
    </RequiredFeatures>
  </Descriptor>

  <Descriptor>
    <ProjectType>Storage</ProjectType>
    <MailboxConnectorType>AzureFileSystem</MailboxConnectorType>
    <ConfigurationName>AzureConfiguration</ConfigurationName>
    <ValidatorName>AzureConfigurationValidator</ValidatorName>
    <ConnectorFactory>MailboxConnectorSettingsAzureFileSystem</ConnectorFactory>
    <Implementations>
      <Implementation>MailboxConnectorSettingsAzureFileSystem</Implementation>
    </Implementations>
    <AdministrativeCredentialsMode>Mandatory</AdministrativeCredentialsMode>
    <IsAutoConfigured>true</IsAutoConfigured>
    <SupportsSizeAssessment>false</SupportsSizeAssessment>
    <UsernameRequirements>Never</UsernameRequirements>
    <PasswordRequirements>Never</PasswordRequirements>
    <RequestUserCredentialsRequirements>Never</RequestUserCredentialsRequirements>
    <UserCredentialsType>NotSupported</UserCredentialsType>
    <IdentifierRequirements>None</IdentifierRequirements>
    <UserRoles>Everyone</UserRoles>
    <AdministrativeCredentialsType>NamedKey</AdministrativeCredentialsType>
    <WatermarkCommitMethod>AutoCommit</WatermarkCommitMethod>
    <ConnectionMethod>Host</ConnectionMethod>
    <EndpointLocation>Source</EndpointLocation>
    <FieldOverrides>
      <ConfigurationField>
        <Key>AccessKey</Key>
        <InputType>Password</InputType>
      </ConfigurationField>
    </FieldOverrides>
    <RequiredFeatures>
      <Feature>5ada5850-f0e6-4b54-a668-75b52ae2e02a</Feature>
    </RequiredFeatures>
  </Descriptor>

  <Descriptor>
    <ProjectType>Storage</ProjectType>
    <MailboxConnectorType>GoogleSites</MailboxConnectorType>
    <ConfigurationName>GoogleSitesConfiguration</ConfigurationName>
    <ValidatorName>GoogleSitesConfigurationValidator</ValidatorName>
    <ConnectorFactory>MailboxConnectorSettingsGoogleSites</ConnectorFactory>
    <Implementations>
      <Implementation>MailboxConnectorSettingsGoogleSites</Implementation>
    </Implementations>
    <AdministrativeCredentialsMode>Mandatory</AdministrativeCredentialsMode>
    <IsAutoConfigured>false</IsAutoConfigured>
    <SupportsSizeAssessment>false</SupportsSizeAssessment>
    <UsernameRequirements>Never</UsernameRequirements>
    <PasswordRequirements>Default</PasswordRequirements>
    <RequestUserCredentialsRequirements>Default</RequestUserCredentialsRequirements>
    <UserCredentialsType>UserPassword</UserCredentialsType>
    <IdentifierRequirements>Library</IdentifierRequirements>
    <UserRoles>Everyone</UserRoles>
    <AdministrativeCredentialsType>NotSupported</AdministrativeCredentialsType>
    <WatermarkCommitMethod>AutoCommit</WatermarkCommitMethod>
    <ConnectionMethod>Url</ConnectionMethod>
    <EndpointLocation>Source</EndpointLocation>
    <FieldOverrides>
      <ConfigurationField>
        <Key>AdministrativePassword</Key>
        <InputType>Password</InputType>
      </ConfigurationField>
    </FieldOverrides>
    <RequiredFeatures>
      <Feature>5ada5850-f0e6-4b54-a668-75b52ae2e02a</Feature>
    </RequiredFeatures>
  </Descriptor>

</Descriptors>