﻿<?xml version="1.0" encoding="utf-8" ?>

<!-- 
    DISCLAIMER: BE VERY CAREFUL WHEN EDITING THIS FILE!
    Errors in this file can break both websites and back-end.
 -->

<Descriptors
  xmlns="urn:descriptors-schema"
  xmlns:xsi="http://www.w3.org/2001/XMLSchema-instance"
  xsi:noNamespaceSchemaLocation="Descriptors.xsd">
  
  <Descriptor>
    <ProjectType>Archive</ProjectType>
    <MailboxConnectorType>Gmail</MailboxConnectorType>
    <ConfigurationName>GoogleMailboxConfiguration</ConfigurationName>
    <ValidatorName>MailboxGoogleConfigurationValidator</ValidatorName>
    <ConnectorFactory>MailboxConnectorSettingsGmail</ConnectorFactory>
    <Implementations>
      <Implementation>MailboxConnectorSettingsGoogle</Implementation>
    </Implementations>
    <AdministrativeCredentialsMode>Optional</AdministrativeCredentialsMode>
    <IsAutoConfigured>true</IsAutoConfigured>
    <SupportsSizeAssessment>false</SupportsSizeAssessment>
    <UsernameRequirements>Never</UsernameRequirements>
    <PasswordRequirements>Authorization</PasswordRequirements>
    <RequestUserCredentialsRequirements>Mandatory</RequestUserCredentialsRequirements>
    <UserCredentialsType>Token</UserCredentialsType>
    <IdentifierRequirements>EmailAddress</IdentifierRequirements>
    <UserRoles>Everyone</UserRoles>
    <AdministrativeCredentialsType>NotSupported</AdministrativeCredentialsType>
    <WatermarkCommitMethod>AutoCommit</WatermarkCommitMethod>
    <ConnectionMethod>Host</ConnectionMethod>
    <EndpointLocation>Destination</EndpointLocation>
    <FieldOverrides/>
    <RequiredFeatures>
      <Feature>742C2984-FDB4-4711-A476-AFAD172C57E9</Feature>
    </RequiredFeatures>
  </Descriptor>

  <Descriptor>
    <ProjectType>Archive</ProjectType>
    <MailboxConnectorType>GoogleVault</MailboxConnectorType>
    <ConfigurationName>AzureConfiguration</ConfigurationName>
    <ValidatorName>AzureConfigurationValidator</ValidatorName>
    <ConnectorFactory>MailboxConnectorSettingsGoogleVault</ConnectorFactory>
    <Implementations>
      <Implementation>MailboxConnectorSettingsGoogleVault</Implementation>
    </Implementations>
    <AdministrativeCredentialsMode>Mandatory</AdministrativeCredentialsMode>
    <IsAutoConfigured>true</IsAutoConfigured>
    <SupportsSizeAssessment>false</SupportsSizeAssessment>
    <UsernameRequirements>Never</UsernameRequirements>
    <PasswordRequirements>Default</PasswordRequirements>
    <RequestUserCredentialsRequirements>Default</RequestUserCredentialsRequirements>
    <UserCredentialsType>UserPassword</UserCredentialsType>
    <IdentifierRequirements>EmailAddress</IdentifierRequirements>
    <UserRoles>Everyone</UserRoles>
    <AdministrativeCredentialsType>NamedKey</AdministrativeCredentialsType>
    <WatermarkCommitMethod>AutoCommit</WatermarkCommitMethod>
    <ConnectionMethod>Host</ConnectionMethod>
    <EndpointLocation>Source</EndpointLocation>
    <FieldOverrides>
      <ConfigurationField>
        <Key>AccessKey</Key>
        <InputType>Password</InputType>
      </ConfigurationField>
    </FieldOverrides>
    <RequiredFeatures>
      <Feature>742C2984-FDB4-4711-A476-AFAD172C57E9</Feature>
    </RequiredFeatures>
  </Descriptor>
  
  <Descriptor>
    <ProjectType>Archive</ProjectType>
    <MailboxConnectorType>Pst</MailboxConnectorType>
    <ConfigurationName>AzureConfiguration</ConfigurationName>
    <ValidatorName>AzureConfigurationValidator</ValidatorName>
    <ConnectorFactory>MailboxConnectorSettingsPst</ConnectorFactory>
    <Implementations>
      <Implementation>MailboxConnectorSettingsPst</Implementation>
    </Implementations>
    <AdministrativeCredentialsMode>Mandatory</AdministrativeCredentialsMode>
    <IsAutoConfigured>true</IsAutoConfigured>
    <SupportsSizeAssessment>false</SupportsSizeAssessment>
    <UsernameRequirements>Never</UsernameRequirements>
    <PasswordRequirements>Default</PasswordRequirements>
    <RequestUserCredentialsRequirements>Default</RequestUserCredentialsRequirements>
    <UserCredentialsType>UserPassword</UserCredentialsType>
    <IdentifierRequirements>PstPath</IdentifierRequirements>
    <UserRoles>Everyone</UserRoles>
    <AdministrativeCredentialsType>NamedKey</AdministrativeCredentialsType>
    <WatermarkCommitMethod>ManualCommit</WatermarkCommitMethod>
    <ConnectionMethod>Host</ConnectionMethod>
    <EndpointLocation>Any</EndpointLocation>
    <FieldOverrides>
      <ConfigurationField>
        <Key>AccessKey</Key>
        <InputType>Password</InputType>
      </ConfigurationField>
    </FieldOverrides>
    <RequiredFeatures>
      <Feature>742C2984-FDB4-4711-A476-AFAD172C57E9</Feature>
    </RequiredFeatures>
  </Descriptor>

  <Descriptor>
    <ProjectType>Archive</ProjectType>
    <MailboxConnectorType>PstInternalStorage</MailboxConnectorType>
    <ConfigurationName>PstInternalStorageConfiguration</ConfigurationName>
    <ValidatorName>PstInternalStorageConfigurationValidator</ValidatorName>
    <ConnectorFactory>MailboxConnectorSettingsPst</ConnectorFactory>
    <Implementations>
      <Implementation>MailboxConnectorSettingsPst</Implementation>
    </Implementations>
    <AdministrativeCredentialsMode>Auto</AdministrativeCredentialsMode>
    <IsAutoConfigured>true</IsAutoConfigured>
    <SupportsSizeAssessment>false</SupportsSizeAssessment>
    <UsernameRequirements>Never</UsernameRequirements>
    <PasswordRequirements>Never</PasswordRequirements>
    <RequestUserCredentialsRequirements>Never</RequestUserCredentialsRequirements>
    <UserCredentialsType>UserPassword</UserCredentialsType>
    <IdentifierRequirements>PstPath</IdentifierRequirements>
    <UserRoles>Everyone</UserRoles>
    <AdministrativeCredentialsType>NotSupported</AdministrativeCredentialsType>
    <WatermarkCommitMethod>ManualCommit</WatermarkCommitMethod>
    <ConnectionMethod>Host</ConnectionMethod>
    <EndpointLocation>Source</EndpointLocation>
    <FieldOverrides/>
    <RequiredFeatures>
      <Feature>742C2984-FDB4-4711-A476-AFAD172C57E9</Feature>
    </RequiredFeatures>
  </Descriptor>

  <Descriptor>
    <ProjectType>Archive</ProjectType>
    <MailboxConnectorType>ExchangeOnline2</MailboxConnectorType>
    <ConfigurationName>ExchangeConfiguration</ConfigurationName>
    <ValidatorName>MailboxOffice365ConfigurationValidator</ValidatorName>
    <ConnectorFactory>MailboxConnectorSettingsExchangeOnline2</ConnectorFactory>
    <Implementations>
      <Implementation>MailboxConnectorSettingsExchangeServer2</Implementation>
    </Implementations>
    <AdministrativeCredentialsMode>Optional</AdministrativeCredentialsMode>
    <IsAutoConfigured>true</IsAutoConfigured>
    <SupportsSizeAssessment>false</SupportsSizeAssessment>
    <UsernameRequirements>Default</UsernameRequirements>
    <PasswordRequirements>Default</PasswordRequirements>
    <RequestUserCredentialsRequirements>Default</RequestUserCredentialsRequirements>
    <UserCredentialsType>UserPassword</UserCredentialsType>
    <IdentifierRequirements>EmailAddress</IdentifierRequirements>
    <UserRoles>Everyone</UserRoles>
    <AdministrativeCredentialsType>UserPassword</AdministrativeCredentialsType>
    <WatermarkCommitMethod>AutoCommit</WatermarkCommitMethod>
    <ConnectionMethod>Url</ConnectionMethod>
    <EndpointLocation>Any</EndpointLocation>
    <FieldOverrides>
      <ConfigurationField>
        <Key>AdministrativePassword</Key>
        <InputType>Password</InputType>
      </ConfigurationField>
    </FieldOverrides>
    <RequiredFeatures>
      <Feature>742C2984-FDB4-4711-A476-AFAD172C57E9</Feature>
    </RequiredFeatures>
  </Descriptor>

  <Descriptor>
    <ProjectType>Archive</ProjectType>
    <MailboxConnectorType>WorkMail</MailboxConnectorType>
    <ConfigurationName>WorkMailConfiguration</ConfigurationName>
    <ValidatorName>WorkMailConfigurationValidator</ValidatorName>
    <ConnectorFactory>MailboxConnectorSettingsWorkMail</ConnectorFactory>
    <Implementations>
      <Implementation>MailboxConnectorSettingsWorkMail</Implementation>
    </Implementations>
    <AdministrativeCredentialsMode>Optional</AdministrativeCredentialsMode>
    <IsAutoConfigured>true</IsAutoConfigured>
    <SupportsSizeAssessment>false</SupportsSizeAssessment>
    <UsernameRequirements>Default</UsernameRequirements>
    <PasswordRequirements>Default</PasswordRequirements>
    <RequestUserCredentialsRequirements>Default</RequestUserCredentialsRequirements>
    <UserCredentialsType>UserPassword</UserCredentialsType>
    <IdentifierRequirements>EmailAddress</IdentifierRequirements>
    <UserRoles>Everyone</UserRoles>
    <AdministrativeCredentialsType>UserPassword</AdministrativeCredentialsType>
    <WatermarkCommitMethod>AutoCommit</WatermarkCommitMethod>
    <ConnectionMethod>Url</ConnectionMethod>
    <EndpointLocation>Destination</EndpointLocation>
    <SupportedItemTypeOverrides>
      <ItemType>Mail</ItemType>
      <ItemType>Calendar</ItemType>
      <ItemType>Contact</ItemType>
      <ItemType>Task</ItemType>
      <ItemType>Journal</ItemType>
      <ItemType>Note</ItemType>
      <ItemType>Conversation</ItemType>
      <ItemType>ContactGroup</ItemType>
      <ItemType>Permissions</ItemType>
    </SupportedItemTypeOverrides>
    <FieldOverrides>
      <ConfigurationField>
        <Key>AdministrativePassword</Key>
        <InputType>Password</InputType>
      </ConfigurationField>
    </FieldOverrides>
    <RequiredFeatures>
      <Feature>742C2984-FDB4-4711-A476-AFAD172C57E9</Feature>
    </RequiredFeatures>
  </Descriptor>

  <Descriptor>
    <ProjectType>Archive</ProjectType>
    <MailboxConnectorType>ExchangeServer</MailboxConnectorType>
    <ConfigurationName>ExchangeConfiguration</ConfigurationName>
    <ValidatorName>MailboxExchangeConfigurationValidator</ValidatorName>
    <ConnectorFactory>MailboxConnectorSettingsExchangeServer</ConnectorFactory>
    <Implementations>
      <Implementation>MailboxConnectorSettingsExchangeServer</Implementation>
      <Implementation>MailboxConnectorSettingsExchangeServer2</Implementation>
    </Implementations>
    <AdministrativeCredentialsMode>Optional</AdministrativeCredentialsMode>
    <IsAutoConfigured>false</IsAutoConfigured>
    <SupportsSizeAssessment>false</SupportsSizeAssessment>
    <UsernameRequirements>Default</UsernameRequirements>
    <PasswordRequirements>Default</PasswordRequirements>
    <RequestUserCredentialsRequirements>Default</RequestUserCredentialsRequirements>
    <UserCredentialsType>UserPassword</UserCredentialsType>
    <IdentifierRequirements>EmailAddress</IdentifierRequirements>
    <UserRoles>Everyone</UserRoles>
    <AdministrativeCredentialsType>UserPassword</AdministrativeCredentialsType>
    <WatermarkCommitMethod>AutoCommit</WatermarkCommitMethod>
    <ConnectionMethod>Url</ConnectionMethod>
    <EndpointLocation>Any</EndpointLocation>
    <FieldOverrides>
      <ConfigurationField>
        <Key>AdministrativePassword</Key>
        <InputType>Password</InputType>
      </ConfigurationField>
    </FieldOverrides>
    <RequiredFeatures>
      <Feature>742C2984-FDB4-4711-A476-AFAD172C57E9</Feature>
    </RequiredFeatures>
  </Descriptor>

  <Descriptor>
    <ProjectType>Archive</ProjectType>
    <MailboxConnectorType>ExchangeOnlineChina</MailboxConnectorType>
    <ConfigurationName>ExchangeConfiguration</ConfigurationName>
    <ValidatorName>MailboxOffice365ConfigurationValidator</ValidatorName>
    <ConnectorFactory>MailboxConnectorSettingsExchangeOnlineChina</ConnectorFactory>
    <Implementations>
      <Implementation>MailboxConnectorSettingsExchangeServer2</Implementation>
    </Implementations>
    <AdministrativeCredentialsMode>Optional</AdministrativeCredentialsMode>
    <IsAutoConfigured>true</IsAutoConfigured>
    <SupportsSizeAssessment>false</SupportsSizeAssessment>
    <UsernameRequirements>Default</UsernameRequirements>
    <PasswordRequirements>Default</PasswordRequirements>
    <RequestUserCredentialsRequirements>Default</RequestUserCredentialsRequirements>
    <UserCredentialsType>UserPassword</UserCredentialsType>
    <IdentifierRequirements>EmailAddress</IdentifierRequirements>
    <UserRoles>Everyone</UserRoles>
    <AdministrativeCredentialsType>UserPassword</AdministrativeCredentialsType>
    <WatermarkCommitMethod>AutoCommit</WatermarkCommitMethod>
    <ConnectionMethod>Url</ConnectionMethod>
    <EndpointLocation>Any</EndpointLocation>
    <FieldOverrides>
      <ConfigurationField>
        <Key>AdministrativePassword</Key>
        <InputType>Password</InputType>
      </ConfigurationField>
    </FieldOverrides>
    <RequiredFeatures>
      <Feature>742C2984-FDB4-4711-A476-AFAD172C57E9</Feature>
    </RequiredFeatures>
  </Descriptor>

  <Descriptor>
    <ProjectType>Archive</ProjectType>
    <MailboxConnectorType>ExchangeOnlineGermany</MailboxConnectorType>
    <ConfigurationName>ExchangeConfiguration</ConfigurationName>
    <ValidatorName>MailboxOffice365ConfigurationValidator</ValidatorName>
    <ConnectorFactory>MailboxConnectorSettingsExchangeOnlineGermany</ConnectorFactory>
    <Implementations>
      <Implementation>MailboxConnectorSettingsExchangeServer2</Implementation>
    </Implementations>
    <AdministrativeCredentialsMode>Optional</AdministrativeCredentialsMode>
    <IsAutoConfigured>true</IsAutoConfigured>
    <SupportsSizeAssessment>false</SupportsSizeAssessment>
    <UsernameRequirements>Default</UsernameRequirements>
    <PasswordRequirements>Default</PasswordRequirements>
    <RequestUserCredentialsRequirements>Default</RequestUserCredentialsRequirements>
    <UserCredentialsType>UserPassword</UserCredentialsType>
    <IdentifierRequirements>EmailAddress</IdentifierRequirements>
    <UserRoles>Everyone</UserRoles>
    <AdministrativeCredentialsType>UserPassword</AdministrativeCredentialsType>
    <WatermarkCommitMethod>AutoCommit</WatermarkCommitMethod>
    <ConnectionMethod>Url</ConnectionMethod>
    <EndpointLocation>Any</EndpointLocation>
    <FieldOverrides>
      <ConfigurationField>
        <Key>AdministrativePassword</Key>
        <InputType>Password</InputType>
      </ConfigurationField>
    </FieldOverrides>
    <RequiredFeatures>
      <Feature>742C2984-FDB4-4711-A476-AFAD172C57E9</Feature>
    </RequiredFeatures>
  </Descriptor>

  <Descriptor>
    <ProjectType>Archive</ProjectType>
    <MailboxConnectorType>ExchangeOnlineUsGovernment</MailboxConnectorType>
    <ConfigurationName>ExchangeConfiguration</ConfigurationName>
    <ValidatorName>MailboxOffice365ConfigurationValidator</ValidatorName>
    <ConnectorFactory>MailboxConnectorSettingsExchangeOnlineUsGovernment</ConnectorFactory>
    <Implementations>
      <Implementation>MailboxConnectorSettingsExchangeServer2</Implementation>
    </Implementations>
    <AdministrativeCredentialsMode>Optional</AdministrativeCredentialsMode>
    <IsAutoConfigured>true</IsAutoConfigured>
    <SupportsSizeAssessment>false</SupportsSizeAssessment>
    <UsernameRequirements>Default</UsernameRequirements>
    <PasswordRequirements>Default</PasswordRequirements>
    <RequestUserCredentialsRequirements>Default</RequestUserCredentialsRequirements>
    <UserCredentialsType>UserPassword</UserCredentialsType>
    <IdentifierRequirements>EmailAddress</IdentifierRequirements>
    <UserRoles>Everyone</UserRoles>
    <AdministrativeCredentialsType>UserPassword</AdministrativeCredentialsType>
    <WatermarkCommitMethod>AutoCommit</WatermarkCommitMethod>
    <ConnectionMethod>Url</ConnectionMethod>
    <EndpointLocation>Any</EndpointLocation>
    <FieldOverrides>
      <ConfigurationField>
        <Key>AdministrativePassword</Key>
        <InputType>Password</InputType>
      </ConfigurationField>
    </FieldOverrides>
    <RequiredFeatures>
      <Feature>742C2984-FDB4-4711-A476-AFAD172C57E9</Feature>
    </RequiredFeatures>
  </Descriptor>

  <Descriptor>
    <ProjectType>Archive</ProjectType>
    <MailboxConnectorType>Aws</MailboxConnectorType>
    <ConfigurationName>AwsArchiveConfiguration</ConfigurationName>
    <ValidatorName>MailboxAwsConfigurationValidator</ValidatorName>
    <ConnectorFactory>MailboxConnectorSettingsAws</ConnectorFactory>
    <Implementations>
      <Implementation>MailboxConnectorSettingsAws</Implementation>
    </Implementations>
    <AdministrativeCredentialsMode>Mandatory</AdministrativeCredentialsMode>
    <IsAutoConfigured>true</IsAutoConfigured>
    <SupportsSizeAssessment>false</SupportsSizeAssessment>
    <UsernameRequirements>Never</UsernameRequirements>
    <PasswordRequirements>Default</PasswordRequirements>
    <RequestUserCredentialsRequirements>Default</RequestUserCredentialsRequirements>
    <UserCredentialsType>UserPassword</UserCredentialsType>
    <IdentifierRequirements>EmailAddress</IdentifierRequirements>
    <UserRoles>Everyone</UserRoles>
    <AdministrativeCredentialsType>NamedKey</AdministrativeCredentialsType>
    <WatermarkCommitMethod>AutoCommit</WatermarkCommitMethod>
    <ConnectionMethod>Url</ConnectionMethod>
    <EndpointLocation>Destination</EndpointLocation>
    <FieldOverrides>
      <ConfigurationField>
        <Key>SecretKey</Key>
        <InputType>Password</InputType>
      </ConfigurationField>
    </FieldOverrides>
    <RequiredFeatures>
      <Feature>742C2984-FDB4-4711-A476-AFAD172C57E9</Feature>
    </RequiredFeatures>
  </Descriptor>

  <Descriptor>
    <ProjectType>Archive</ProjectType>
    <MailboxConnectorType>IMAP</MailboxConnectorType>
    <ConfigurationName>HostConfiguration</ConfigurationName>
    <ValidatorName>HostConfigurationValidator</ValidatorName>
    <ConnectorFactory>MailboxConnectorSettingsImap</ConnectorFactory>
    <Implementations>
      <Implementation>MailboxConnectorSettingsImap</Implementation>
    </Implementations>
    <AdministrativeCredentialsMode>NotSupported</AdministrativeCredentialsMode>
    <IsAutoConfigured>false</IsAutoConfigured>
    <SupportsSizeAssessment>false</SupportsSizeAssessment>
    <UsernameRequirements>Default</UsernameRequirements>
    <PasswordRequirements>Default</PasswordRequirements>
    <RequestUserCredentialsRequirements>Default</RequestUserCredentialsRequirements>
    <UserCredentialsType>UserPassword</UserCredentialsType>
    <IdentifierRequirements>EmailAddress</IdentifierRequirements>
    <UserRoles>Everyone</UserRoles>
    <AdministrativeCredentialsType>NotSupported</AdministrativeCredentialsType>
    <WatermarkCommitMethod>AutoCommit</WatermarkCommitMethod>
    <ConnectionMethod>Host</ConnectionMethod>
    <EndpointLocation>Destination</EndpointLocation>
    <FieldOverrides/>
    <RequiredFeatures>
      <Feature>742C2984-FDB4-4711-A476-AFAD172C57E9</Feature>
    </RequiredFeatures>
  </Descriptor>

  <Descriptor>
    <ProjectType>Archive</ProjectType>
    <MailboxConnectorType>Eml</MailboxConnectorType>
    <ConfigurationName>EmlConfiguration</ConfigurationName>
    <ValidatorName>EmlConfigurationValidator</ValidatorName>
    <ConnectorFactory>MailboxConnectorSettingsEml</ConnectorFactory>
    <Implementations>
      <Implementation>MailboxConnectorSettingsEml</Implementation>
    </Implementations>
    <AdministrativeCredentialsMode>Mandatory</AdministrativeCredentialsMode>
    <IsAutoConfigured>true</IsAutoConfigured>
    <SupportsSizeAssessment>false</SupportsSizeAssessment>
    <UsernameRequirements>Never</UsernameRequirements>
    <PasswordRequirements>Default</PasswordRequirements>
    <RequestUserCredentialsRequirements>Default</RequestUserCredentialsRequirements>
    <UserCredentialsType>UserPassword</UserCredentialsType>
    <IdentifierRequirements>EmailAddress</IdentifierRequirements>
    <UserRoles>Everyone</UserRoles>
    <AdministrativeCredentialsType>NamedKey</AdministrativeCredentialsType>
    <WatermarkCommitMethod>ManualCommit</WatermarkCommitMethod>
    <ConnectionMethod>Url</ConnectionMethod>
    <EndpointLocation>Destination</EndpointLocation>
    <FieldOverrides/>
    <RequiredFeatures>
      <Feature>742C2984-FDB4-4711-A476-AFAD172C57E9</Feature>
    </RequiredFeatures>
  </Descriptor>

  <Descriptor>
    <ProjectType>Archive</ProjectType>
    <MailboxConnectorType>SonianArchivePhase1</MailboxConnectorType>
    <ConfigurationName>EmlConfiguration</ConfigurationName>
    <ValidatorName>EmlConfigurationValidator</ValidatorName>
    <ConnectorFactory>MailboxConnectorSettingsEml</ConnectorFactory>
    <Implementations>
      <Implementation>MailboxConnectorSettingsEml</Implementation>
    </Implementations>
    <AdministrativeCredentialsMode>Mandatory</AdministrativeCredentialsMode>
    <IsAutoConfigured>true</IsAutoConfigured>
    <SupportsSizeAssessment>false</SupportsSizeAssessment>
    <UsernameRequirements>Never</UsernameRequirements>
    <PasswordRequirements>Default</PasswordRequirements>
    <RequestUserCredentialsRequirements>Default</RequestUserCredentialsRequirements>
    <UserCredentialsType>UserPassword</UserCredentialsType>
    <IdentifierRequirements>EmailAddress</IdentifierRequirements>
    <UserRoles>Administrator</UserRoles>
    <AdministrativeCredentialsType>NamedKey</AdministrativeCredentialsType>
    <WatermarkCommitMethod>ManualCommit</WatermarkCommitMethod>
    <ConnectionMethod>Url</ConnectionMethod>
    <EndpointLocation>Destination</EndpointLocation>
    <FieldOverrides/>
    <RequiredFeatures>
      <Feature>A78F4FDF-5992-4D67-AEE0-0B77A9397EEE</Feature>
    </RequiredFeatures>
  </Descriptor>
  
  <Descriptor>
    <ProjectType>Archive</ProjectType>
    <MailboxConnectorType>BlockStorageMsg</MailboxConnectorType>
    <ConfigurationName>AzureConfiguration</ConfigurationName>
    <ValidatorName>AzureConfigurationValidator</ValidatorName>
    <ConnectorFactory>MailboxConnectorSettingsMapi</ConnectorFactory>
    <Implementations>
      <Implementation>MailboxConnectorSettingsMapi</Implementation>
    </Implementations>
    <AdministrativeCredentialsMode>Mandatory</AdministrativeCredentialsMode>
    <IsAutoConfigured>true</IsAutoConfigured>
    <SupportsSizeAssessment>false</SupportsSizeAssessment>
    <UsernameRequirements>Never</UsernameRequirements>
    <PasswordRequirements>Default</PasswordRequirements>
    <RequestUserCredentialsRequirements>Default</RequestUserCredentialsRequirements>
    <UserCredentialsType>UserPassword</UserCredentialsType>
    <IdentifierRequirements>EmailAddress</IdentifierRequirements>
    <UserRoles>Everyone</UserRoles>
    <AdministrativeCredentialsType>NamedKey</AdministrativeCredentialsType>
    <WatermarkCommitMethod>AutoCommit</WatermarkCommitMethod>
    <ConnectionMethod>Host</ConnectionMethod>
    <EndpointLocation>Source</EndpointLocation>
    <FieldOverrides>
      <ConfigurationField>
        <Key>AccessKey</Key>
        <InputType>Password</InputType>
      </ConfigurationField>
    </FieldOverrides>
    <RequiredFeatures>
      <Feature>742C2984-FDB4-4711-A476-AFAD172C57E9</Feature>
    </RequiredFeatures>
  </Descriptor>

  <Descriptor>
    <ProjectType>Archive</ProjectType>
    <MailboxConnectorType>BlockStorageEml</MailboxConnectorType>
    <ConfigurationName>AzureConfiguration</ConfigurationName>
    <ValidatorName>AzureConfigurationValidator</ValidatorName>
    <ConnectorFactory>MailboxConnectorSettingsMapi</ConnectorFactory>
    <Implementations>
      <Implementation>MailboxConnectorSettingsMapi</Implementation>
    </Implementations>
    <AdministrativeCredentialsMode>Mandatory</AdministrativeCredentialsMode>
    <IsAutoConfigured>true</IsAutoConfigured>
    <SupportsSizeAssessment>false</SupportsSizeAssessment>
    <UsernameRequirements>Never</UsernameRequirements>
    <PasswordRequirements>Default</PasswordRequirements>
    <RequestUserCredentialsRequirements>Default</RequestUserCredentialsRequirements>
    <UserCredentialsType>UserPassword</UserCredentialsType>
    <IdentifierRequirements>EmailAddress</IdentifierRequirements>
    <UserRoles>Everyone</UserRoles>
    <AdministrativeCredentialsType>NamedKey</AdministrativeCredentialsType>
    <WatermarkCommitMethod>AutoCommit</WatermarkCommitMethod>
    <ConnectionMethod>Host</ConnectionMethod>
    <EndpointLocation>Source</EndpointLocation>
    <FieldOverrides>
      <ConfigurationField>
        <Key>AccessKey</Key>
        <InputType>Password</InputType>
      </ConfigurationField>
    </FieldOverrides>
    <RequiredFeatures>
      <Feature>742C2984-FDB4-4711-A476-AFAD172C57E9</Feature>
    </RequiredFeatures>
  </Descriptor>
</Descriptors>