﻿<?xml version="1.0" encoding="utf-8" ?>

<!--
    DISCLAIMER: BE VERY CAREFUL WHEN EDITING THIS FILE!
    Errors in this file can break both websites and back-end.
 -->

<Descriptors
  xmlns="urn:descriptors-schema"
  xmlns:xsi="http://www.w3.org/2001/XMLSchema-instance"
  xsi:noNamespaceSchemaLocation="Descriptors.xsd">

    <!--
        Descriptor definition for SharePoint Online Export Migrations via the CSOM API.
        Implemented via the MailboxConnectorSettingsSharePoint Connector.
        Label:  "SharePoint"
    -->
    <Descriptor>
        <ProjectType>Storage</ProjectType>
        <MailboxConnectorType>SharePoint</MailboxConnectorType>
        <ConfigurationName>SharePointConfiguration</ConfigurationName>
        <ValidatorName>SharePointConfigurationValidator</ValidatorName>
        <ConnectorFactory>MailboxConnectorSettingsSharePoint</ConnectorFactory>
        <Implementations>
            <Implementation>MailboxConnectorSettingsSharePoint</Implementation>
        </Implementations>
        <AdministrativeCredentialsMode>Mandatory</AdministrativeCredentialsMode>
        <IsAutoConfigured>false</IsAutoConfigured>
        <SupportsSizeAssessment>false</SupportsSizeAssessment>
        <UsernameRequirements>Never</UsernameRequirements>
        <PasswordRequirements>Default</PasswordRequirements>
        <RequestUserCredentialsRequirements>Default</RequestUserCredentialsRequirements>
        <UserCredentialsType>UserPassword</UserCredentialsType>
        <IdentifierRequirements>Library</IdentifierRequirements>
        <UserRoles>Everyone</UserRoles>
        <AdministrativeCredentialsType>UserPassword</AdministrativeCredentialsType>
        <WatermarkCommitMethod>AutoCommit</WatermarkCommitMethod>
        <ConnectionMethod>Url</ConnectionMethod>
        <EndpointLocation>Any</EndpointLocation>
        <FieldOverrides>
            <ConfigurationField>
                <Key>AdministrativePassword</Key>
                <InputType>Password</InputType>
            </ConfigurationField>
        </FieldOverrides>
        <RequiredFeatures>
            <Feature>85156d2d-9501-401e-bc53-09362cacc310</Feature>
        </RequiredFeatures>
    </Descriptor>

    <!--
        Descriptor definition for Office 365 Groups Import/Export Migrations via the CSOM API.
        Implemented via the MailboxConnectorSettingsSharePoint Connector.
        Label:  "O365 Groups"
    -->
    <Descriptor>
        <ProjectType>Storage</ProjectType>
        <MailboxConnectorType>Office365Groups</MailboxConnectorType>
        <ConfigurationName>SharePointConfiguration</ConfigurationName>
        <ValidatorName>SharePointConfigurationValidator</ValidatorName>
        <ConnectorFactory>MailboxConnectorSettingsSharePoint</ConnectorFactory>
        <Implementations>
            <Implementation>MailboxConnectorSettingsSharePoint</Implementation>
        </Implementations>
        <AdministrativeCredentialsMode>Mandatory</AdministrativeCredentialsMode>
        <IsAutoConfigured>false</IsAutoConfigured>
        <SupportsSizeAssessment>false</SupportsSizeAssessment>
        <UsernameRequirements>Never</UsernameRequirements>
        <PasswordRequirements>Default</PasswordRequirements>
        <RequestUserCredentialsRequirements>Default</RequestUserCredentialsRequirements>
        <UserCredentialsType>UserPassword</UserCredentialsType>
        <IdentifierRequirements>Library</IdentifierRequirements>
        <UserRoles>Everyone</UserRoles>
        <AdministrativeCredentialsType>UserPassword</AdministrativeCredentialsType>
        <WatermarkCommitMethod>AutoCommit</WatermarkCommitMethod>
        <ConnectionMethod>Url</ConnectionMethod>
        <EndpointLocation>Any</EndpointLocation>
        <FieldOverrides>
            <ConfigurationField>
                <Key>AdministrativePassword</Key>
                <InputType>Password</InputType>
            </ConfigurationField>
        </FieldOverrides>
        <RequiredFeatures>
            <Feature>5ada5850-f0e6-4b54-a668-75b52ae2e02a</Feature>
        </RequiredFeatures>
    </Descriptor>

    <!--
        Descriptor definition for SharePoint Online Import Migrations via the Migration API.
        Implemented via the MailboxConnectorSettingsSharePointOnlineStorage Connector (import only).
        Label:  "SharePoint Online v2"
    -->
    <Descriptor>
        <ProjectType>Storage</ProjectType>
        <MailboxConnectorType>SharePointOnlineAPI</MailboxConnectorType>
        <ConfigurationName>SharePointOnlineConfiguration</ConfigurationName>
        <ValidatorName>SharePointOnlineConfigurationValidator</ValidatorName>
        <ConnectorFactory>MailboxConnectorSettingsSharePointOnlineStorage</ConnectorFactory>
        <Implementations>
            <Implementation>MailboxConnectorSettingsSharePointOnlineStorage</Implementation>
        </Implementations>
        <AdministrativeCredentialsMode>Mandatory</AdministrativeCredentialsMode>
        <IsAutoConfigured>false</IsAutoConfigured>
        <SupportsSizeAssessment>false</SupportsSizeAssessment>
        <UsernameRequirements>Never</UsernameRequirements>
        <PasswordRequirements>Default</PasswordRequirements>
        <RequestUserCredentialsRequirements>Default</RequestUserCredentialsRequirements>
        <UserCredentialsType>UserPassword</UserCredentialsType>
        <IdentifierRequirements>Library</IdentifierRequirements>
        <UserRoles>Administrator</UserRoles>
        <AdministrativeCredentialsType>UserPassword</AdministrativeCredentialsType>
        <WatermarkCommitMethod>AutoCommit</WatermarkCommitMethod>
        <ConnectionMethod>Url</ConnectionMethod>
        <EndpointLocation>Destination</EndpointLocation>
        <FieldOverrides>
            <ConfigurationField>
                <Key>AdministrativePassword</Key>
                <InputType>Password</InputType>
            </ConfigurationField>
        </FieldOverrides>
        <RequiredFeatures>
            <Feature>85156d2d-9501-401e-bc53-09362cacc310</Feature>
        </RequiredFeatures>
    </Descriptor>

</Descriptors>