﻿<?xml version="1.0" encoding="utf-8" ?>

<!-- 
    DISCLAIMER: BE VERY CAREFUL WHEN EDITING THIS FILE!
    Errors in this file can break both websites and back-end.
 -->

<Descriptors
  xmlns="urn:descriptors-schema"
  xmlns:xsi="http://www.w3.org/2001/XMLSchema-instance"
  xsi:noNamespaceSchemaLocation="Descriptors.xsd">

  <Descriptor>
    <ProjectType>MassStorage</ProjectType>
    <MailboxConnectorType>AzureBlobMassStorage</MailboxConnectorType>
    <ConfigurationName>AzureConfiguration</ConfigurationName>
    <ValidatorName>AzureConfigurationValidator</ValidatorName>
    <ConnectorFactory>MailboxConnectorSettingsAzureBlobMassStorage</ConnectorFactory>
    <Implementations>
      <Implementation>MailboxConnectorSettingsAzureBlobMassStorage</Implementation>
    </Implementations>
    <AdministrativeCredentialsMode>Mandatory</AdministrativeCredentialsMode>
    <IsAutoConfigured>true</IsAutoConfigured>
    <SupportsSizeAssessment>false</SupportsSizeAssessment>
    <UsernameRequirements>Never</UsernameRequirements>
    <PasswordRequirements>Never</PasswordRequirements>
    <RequestUserCredentialsRequirements>Never</RequestUserCredentialsRequirements>
    <UserCredentialsType>NotSupported</UserCredentialsType>
    <IdentifierRequirements>ContainerName</IdentifierRequirements>
    <UserRoles>Everyone</UserRoles>
    <AdministrativeCredentialsType>NamedKey</AdministrativeCredentialsType>
    <WatermarkCommitMethod>AutoCommit</WatermarkCommitMethod>
    <ConnectionMethod>Host</ConnectionMethod>
    <EndpointLocation>Any</EndpointLocation>
    <FieldOverrides>
      <ConfigurationField>
        <Key>AccessKey</Key>
        <InputType>Password</InputType>
      </ConfigurationField>
    </FieldOverrides>
    <RequiredFeatures>
      <Feature>0050fc83-5e58-493c-ab76-2a20b8536c51</Feature>
    </RequiredFeatures>
  </Descriptor>

  <Descriptor>
    <ProjectType>MassStorage</ProjectType>
    <MailboxConnectorType>AwsMassStorage</MailboxConnectorType>
    <ConfigurationName>AwsArchiveConfiguration</ConfigurationName>
    <ValidatorName>MailboxAwsConfigurationValidator</ValidatorName>
    <ConnectorFactory>MailboxConnectorSettingsAwsMassStorage</ConnectorFactory>
    <Implementations>
      <Implementation>MailboxConnectorSettingsAwsMassStorage</Implementation>
    </Implementations>
    <AdministrativeCredentialsMode>Mandatory</AdministrativeCredentialsMode>
    <IsAutoConfigured>true</IsAutoConfigured>
    <SupportsSizeAssessment>false</SupportsSizeAssessment>
    <UsernameRequirements>Never</UsernameRequirements>
    <PasswordRequirements>Default</PasswordRequirements>
    <RequestUserCredentialsRequirements>Default</RequestUserCredentialsRequirements>
    <UserCredentialsType>UserPassword</UserCredentialsType>
    <IdentifierRequirements>ContainerName</IdentifierRequirements>
    <UserRoles>Everyone</UserRoles>
    <AdministrativeCredentialsType>NamedKey</AdministrativeCredentialsType>
    <WatermarkCommitMethod>AutoCommit</WatermarkCommitMethod>
    <ConnectionMethod>Url</ConnectionMethod>
    <EndpointLocation>Any</EndpointLocation>
    <FieldOverrides>
      <ConfigurationField>
        <Key>SecretKey</Key>
        <InputType>Password</InputType>
      </ConfigurationField>
    </FieldOverrides>
    <RequiredFeatures>
      <Feature>0050fc83-5e58-493c-ab76-2a20b8536c51</Feature>
    </RequiredFeatures>
  </Descriptor>
</Descriptors>