﻿<?xml version="1.0" encoding="utf-8" ?>

<!-- 
    DISCLAIMER: BE VERY CAREFUL WHEN EDITING THIS FILE!
    Errors in this file can break both websites and back-end.
 -->

<Descriptors
  xmlns="urn:descriptors-schema"
  xmlns:xsi="http://www.w3.org/2001/XMLSchema-instance"
  xsi:noNamespaceSchemaLocation="Descriptors.xsd">
  
  <Descriptor>
    <ProjectType>PublicFolder</ProjectType>
    <MailboxConnectorType>ExchangeOnline2</MailboxConnectorType>
    <ConfigurationName>ExchangePublicFolderConfiguration</ConfigurationName>
    <ValidatorName>PublicFolderOffice365ConfigurationValidator</ValidatorName>
    <ConnectorFactory>MailboxConnectorSettingsExchangeOnline2</ConnectorFactory>
    <Implementations>
      <Implementation>MailboxConnectorSettingsExchangeServerPublicFolders</Implementation>
    </Implementations>
    <AdministrativeCredentialsMode>Mandatory</AdministrativeCredentialsMode>
    <IsAutoConfigured>true</IsAutoConfigured>
    <SupportsSizeAssessment>false</SupportsSizeAssessment>
    <UsernameRequirements>Never</UsernameRequirements>
    <PasswordRequirements>Default</PasswordRequirements>
    <RequestUserCredentialsRequirements>Default</RequestUserCredentialsRequirements>
    <UserCredentialsType>UserPassword</UserCredentialsType>
    <IdentifierRequirements>PublicFolderPath</IdentifierRequirements>
    <UserRoles>Everyone</UserRoles>
    <AdministrativeCredentialsType>UserPassword</AdministrativeCredentialsType>
    <WatermarkCommitMethod>AutoCommit</WatermarkCommitMethod>
    <ConnectionMethod>Url</ConnectionMethod>
    <EndpointLocation>Any</EndpointLocation>
    <SupportedItemTypeOverrides>
      <ItemType>Mail</ItemType>
      <ItemType>Calendar</ItemType>
      <ItemType>Contact</ItemType>
      <ItemType>Task</ItemType>
    </SupportedItemTypeOverrides>
    <FieldOverrides>
      <ConfigurationField>
        <Key>AdministrativePassword</Key>
        <InputType>Password</InputType>
      </ConfigurationField>
    </FieldOverrides>
    <RequiredFeatures>
      <Feature>4C2F0D6F-999E-40CC-A066-0DE2EB3C1E0C</Feature>
    </RequiredFeatures>
  </Descriptor>

  <Descriptor>
    <ProjectType>PublicFolder</ProjectType>
    <MailboxConnectorType>ExchangeServer</MailboxConnectorType>
    <ConfigurationName>ExchangePublicFolderConfiguration</ConfigurationName>
    <ValidatorName>PublicFolderExchangeConfigurationValidator</ValidatorName>
    <ConnectorFactory>MailboxConnectorSettingsExchangeServer</ConnectorFactory>
    <Implementations>
      <Implementation>MailboxConnectorSettingsExchangeServerPublicFolders</Implementation>
    </Implementations>
    <AdministrativeCredentialsMode>Mandatory</AdministrativeCredentialsMode>
    <IsAutoConfigured>false</IsAutoConfigured>
    <SupportsSizeAssessment>false</SupportsSizeAssessment>
    <UsernameRequirements>Never</UsernameRequirements>
    <PasswordRequirements>Default</PasswordRequirements>
    <RequestUserCredentialsRequirements>Default</RequestUserCredentialsRequirements>
    <UserCredentialsType>UserPassword</UserCredentialsType>
    <IdentifierRequirements>PublicFolderPath</IdentifierRequirements>
    <UserRoles>Everyone</UserRoles>
    <AdministrativeCredentialsType>UserPassword</AdministrativeCredentialsType>
    <WatermarkCommitMethod>AutoCommit</WatermarkCommitMethod>
    <ConnectionMethod>Url</ConnectionMethod>
    <EndpointLocation>Any</EndpointLocation>
    <SupportedItemTypeOverrides>
      <ItemType>Mail</ItemType>
      <ItemType>Calendar</ItemType>
      <ItemType>Contact</ItemType>
      <ItemType>Task</ItemType>
    </SupportedItemTypeOverrides>
    <FieldOverrides>
      <ConfigurationField>
        <Key>AdministrativePassword</Key>
        <InputType>Password</InputType>
      </ConfigurationField>
    </FieldOverrides>
    <RequiredFeatures>
      <Feature>4C2F0D6F-999E-40CC-A066-0DE2EB3C1E0C</Feature>
    </RequiredFeatures>
  </Descriptor>

  <Descriptor>
    <ProjectType>PublicFolder</ProjectType>
    <MailboxConnectorType>ExchangeOnlineChina</MailboxConnectorType>
    <ConfigurationName>ExchangePublicFolderConfiguration</ConfigurationName>
    <ValidatorName>PublicFolderOffice365ConfigurationValidator</ValidatorName>
    <ConnectorFactory>MailboxConnectorSettingsExchangeOnlineChina</ConnectorFactory>
    <Implementations>
      <Implementation>MailboxConnectorSettingsExchangeServerPublicFolders</Implementation>
    </Implementations>
    <AdministrativeCredentialsMode>Mandatory</AdministrativeCredentialsMode>
    <IsAutoConfigured>true</IsAutoConfigured>
    <SupportsSizeAssessment>false</SupportsSizeAssessment>
    <UsernameRequirements>Never</UsernameRequirements>
    <PasswordRequirements>Default</PasswordRequirements>
    <RequestUserCredentialsRequirements>Default</RequestUserCredentialsRequirements>
    <UserCredentialsType>UserPassword</UserCredentialsType>
    <IdentifierRequirements>PublicFolderPath</IdentifierRequirements>
    <UserRoles>Everyone</UserRoles>
    <AdministrativeCredentialsType>UserPassword</AdministrativeCredentialsType>
    <WatermarkCommitMethod>AutoCommit</WatermarkCommitMethod>
    <ConnectionMethod>Url</ConnectionMethod>
    <EndpointLocation>Any</EndpointLocation>
    <SupportedItemTypeOverrides>
      <ItemType>Mail</ItemType>
      <ItemType>Calendar</ItemType>
      <ItemType>Contact</ItemType>
      <ItemType>Task</ItemType>
    </SupportedItemTypeOverrides>
    <FieldOverrides>
      <ConfigurationField>
        <Key>AdministrativePassword</Key>
        <InputType>Password</InputType>
      </ConfigurationField>
    </FieldOverrides>
    <RequiredFeatures>
      <Feature>4C2F0D6F-999E-40CC-A066-0DE2EB3C1E0C</Feature>
    </RequiredFeatures>
  </Descriptor>
  
  <Descriptor>
    <ProjectType>PublicFolder</ProjectType>
    <MailboxConnectorType>ExchangeOnlineGermany</MailboxConnectorType>
    <ConfigurationName>ExchangePublicFolderConfiguration</ConfigurationName>
    <ValidatorName>PublicFolderOffice365ConfigurationValidator</ValidatorName>
    <ConnectorFactory>MailboxConnectorSettingsExchangeOnlineGermany</ConnectorFactory>
    <Implementations>
      <Implementation>MailboxConnectorSettingsExchangeServerPublicFolders</Implementation>
    </Implementations>
    <AdministrativeCredentialsMode>Mandatory</AdministrativeCredentialsMode>
    <IsAutoConfigured>true</IsAutoConfigured>
    <SupportsSizeAssessment>false</SupportsSizeAssessment>
    <UsernameRequirements>Never</UsernameRequirements>
    <PasswordRequirements>Default</PasswordRequirements>
    <RequestUserCredentialsRequirements>Default</RequestUserCredentialsRequirements>
    <UserCredentialsType>UserPassword</UserCredentialsType>
    <IdentifierRequirements>PublicFolderPath</IdentifierRequirements>
    <UserRoles>Everyone</UserRoles>
    <AdministrativeCredentialsType>UserPassword</AdministrativeCredentialsType>
    <WatermarkCommitMethod>AutoCommit</WatermarkCommitMethod>
    <ConnectionMethod>Url</ConnectionMethod>
    <EndpointLocation>Any</EndpointLocation>
    <SupportedItemTypeOverrides>
      <ItemType>Mail</ItemType>
      <ItemType>Calendar</ItemType>
      <ItemType>Contact</ItemType>
      <ItemType>Task</ItemType>
    </SupportedItemTypeOverrides>
    <FieldOverrides>
      <ConfigurationField>
        <Key>AdministrativePassword</Key>
        <InputType>Password</InputType>
      </ConfigurationField>
    </FieldOverrides>
    <RequiredFeatures>
      <Feature>4C2F0D6F-999E-40CC-A066-0DE2EB3C1E0C</Feature>
    </RequiredFeatures>
  </Descriptor>

  <Descriptor>
    <ProjectType>PublicFolder</ProjectType>
    <MailboxConnectorType>ExchangeOnlineUsGovernment</MailboxConnectorType>
    <ConfigurationName>ExchangePublicFolderConfiguration</ConfigurationName>
    <ValidatorName>PublicFolderOffice365ConfigurationValidator</ValidatorName>
    <ConnectorFactory>MailboxConnectorSettingsExchangeOnlineUsGovernment</ConnectorFactory>
    <Implementations>
      <Implementation>MailboxConnectorSettingsExchangeServerPublicFolders</Implementation>
    </Implementations>
    <AdministrativeCredentialsMode>Mandatory</AdministrativeCredentialsMode>
    <IsAutoConfigured>true</IsAutoConfigured>
    <SupportsSizeAssessment>false</SupportsSizeAssessment>
    <UsernameRequirements>Never</UsernameRequirements>
    <PasswordRequirements>Default</PasswordRequirements>
    <RequestUserCredentialsRequirements>Default</RequestUserCredentialsRequirements>
    <UserCredentialsType>UserPassword</UserCredentialsType>
    <IdentifierRequirements>PublicFolderPath</IdentifierRequirements>
    <UserRoles>Everyone</UserRoles>
    <AdministrativeCredentialsType>UserPassword</AdministrativeCredentialsType>
    <WatermarkCommitMethod>AutoCommit</WatermarkCommitMethod>
    <ConnectionMethod>Url</ConnectionMethod>
    <EndpointLocation>Any</EndpointLocation>
    <SupportedItemTypeOverrides>
      <ItemType>Mail</ItemType>
      <ItemType>Calendar</ItemType>
      <ItemType>Contact</ItemType>
      <ItemType>Task</ItemType>
    </SupportedItemTypeOverrides>
    <FieldOverrides>
      <ConfigurationField>
        <Key>AdministrativePassword</Key>
        <InputType>Password</InputType>
      </ConfigurationField>
    </FieldOverrides>
    <RequiredFeatures>
      <Feature>4C2F0D6F-999E-40CC-A066-0DE2EB3C1E0C</Feature>
    </RequiredFeatures>
  </Descriptor>

  <Descriptor>
    <ProjectType>PublicFolder</ProjectType>
    <MailboxConnectorType>ExchangeOnlinePublicFolder</MailboxConnectorType>
    <ConfigurationName>ExchangePublicFolderConfiguration</ConfigurationName>
    <ValidatorName>PublicFolderOffice365ConfigurationValidator</ValidatorName>
    <ConnectorFactory>MailboxConnectorSettingsExchangeOnline2</ConnectorFactory>
    <Implementations>
      <Implementation>MailboxConnectorSettingsExchangeServerPublicFolders</Implementation>
    </Implementations>
    <AdministrativeCredentialsMode>Mandatory</AdministrativeCredentialsMode>
    <IsAutoConfigured>true</IsAutoConfigured>
    <SupportsSizeAssessment>false</SupportsSizeAssessment>
    <UsernameRequirements>Never</UsernameRequirements>
    <PasswordRequirements>Default</PasswordRequirements>
    <RequestUserCredentialsRequirements>Default</RequestUserCredentialsRequirements>
    <UserCredentialsType>UserPassword</UserCredentialsType>
    <IdentifierRequirements>PublicFolderPath</IdentifierRequirements>
    <UserRoles>Everyone</UserRoles>
    <AdministrativeCredentialsType>UserPassword</AdministrativeCredentialsType>
    <WatermarkCommitMethod>AutoCommit</WatermarkCommitMethod>
    <ConnectionMethod>Url</ConnectionMethod>
    <EndpointLocation>Any</EndpointLocation>
    <SupportedItemTypeOverrides>
      <ItemType>Mail</ItemType>
      <ItemType>Calendar</ItemType>
      <ItemType>Contact</ItemType>
      <ItemType>Task</ItemType>
    </SupportedItemTypeOverrides>
    <FieldOverrides>
      <ConfigurationField>
        <Key>AdministrativePassword</Key>
        <InputType>Password</InputType>
      </ConfigurationField>
    </FieldOverrides>
    <RequiredFeatures>
      <Feature>4C2F0D6F-999E-40CC-A066-0DE2EB3C1E0C</Feature>
    </RequiredFeatures>
  </Descriptor>

  <Descriptor>
    <ProjectType>PublicFolder</ProjectType>
    <MailboxConnectorType>ExchangeServerPublicFolder</MailboxConnectorType>
    <ConfigurationName>ExchangePublicFolderConfiguration</ConfigurationName>
    <ValidatorName>PublicFolderExchangeConfigurationValidator</ValidatorName>
    <ConnectorFactory>MailboxConnectorSettingsExchangeServer</ConnectorFactory>
    <Implementations>
      <Implementation>MailboxConnectorSettingsExchangeServerPublicFolders</Implementation>
    </Implementations>
    <AdministrativeCredentialsMode>Mandatory</AdministrativeCredentialsMode>
    <IsAutoConfigured>false</IsAutoConfigured>
    <SupportsSizeAssessment>false</SupportsSizeAssessment>
    <UsernameRequirements>Never</UsernameRequirements>
    <PasswordRequirements>Default</PasswordRequirements>
    <RequestUserCredentialsRequirements>Default</RequestUserCredentialsRequirements>
    <UserCredentialsType>UserPassword</UserCredentialsType>
    <IdentifierRequirements>PublicFolderPath</IdentifierRequirements>
    <UserRoles>Everyone</UserRoles>
    <AdministrativeCredentialsType>UserPassword</AdministrativeCredentialsType>
    <WatermarkCommitMethod>AutoCommit</WatermarkCommitMethod>
    <ConnectionMethod>Url</ConnectionMethod>
    <EndpointLocation>Any</EndpointLocation>
    <SupportedItemTypeOverrides>
      <ItemType>Mail</ItemType>
      <ItemType>Calendar</ItemType>
      <ItemType>Contact</ItemType>
      <ItemType>Task</ItemType>
    </SupportedItemTypeOverrides>
    <FieldOverrides>
      <ConfigurationField>
        <Key>AdministrativePassword</Key>
        <InputType>Password</InputType>
      </ConfigurationField>
    </FieldOverrides>
    <RequiredFeatures>
      <Feature>4C2F0D6F-999E-40CC-A066-0DE2EB3C1E0C</Feature>
    </RequiredFeatures>
  </Descriptor>

  <Descriptor>
    <ProjectType>PublicFolder</ProjectType>
    <MailboxConnectorType>ExchangeOnlineChinaPublicFolder</MailboxConnectorType>
    <ConfigurationName>ExchangePublicFolderConfiguration</ConfigurationName>
    <ValidatorName>PublicFolderOffice365ConfigurationValidator</ValidatorName>
    <ConnectorFactory>MailboxConnectorSettingsExchangeOnlineChina</ConnectorFactory>
    <Implementations>
      <Implementation>MailboxConnectorSettingsExchangeServerPublicFolders</Implementation>
    </Implementations>
    <AdministrativeCredentialsMode>Mandatory</AdministrativeCredentialsMode>
    <IsAutoConfigured>true</IsAutoConfigured>
    <SupportsSizeAssessment>false</SupportsSizeAssessment>
    <UsernameRequirements>Never</UsernameRequirements>
    <PasswordRequirements>Default</PasswordRequirements>
    <RequestUserCredentialsRequirements>Default</RequestUserCredentialsRequirements>
    <UserCredentialsType>UserPassword</UserCredentialsType>
    <IdentifierRequirements>PublicFolderPath</IdentifierRequirements>
    <UserRoles>Everyone</UserRoles>
    <AdministrativeCredentialsType>UserPassword</AdministrativeCredentialsType>
    <WatermarkCommitMethod>AutoCommit</WatermarkCommitMethod>
    <ConnectionMethod>Url</ConnectionMethod>
    <EndpointLocation>Any</EndpointLocation>
    <SupportedItemTypeOverrides>
      <ItemType>Mail</ItemType>
      <ItemType>Calendar</ItemType>
      <ItemType>Contact</ItemType>
      <ItemType>Task</ItemType>
    </SupportedItemTypeOverrides>
    <FieldOverrides>
      <ConfigurationField>
        <Key>AdministrativePassword</Key>
        <InputType>Password</InputType>
      </ConfigurationField>
    </FieldOverrides>
    <RequiredFeatures>
      <Feature>4C2F0D6F-999E-40CC-A066-0DE2EB3C1E0C</Feature>
    </RequiredFeatures>
  </Descriptor>

  <Descriptor>
    <ProjectType>PublicFolder</ProjectType>
    <MailboxConnectorType>ExchangeOnlineGermanyPublicFolder</MailboxConnectorType>
    <ConfigurationName>ExchangePublicFolderConfiguration</ConfigurationName>
    <ValidatorName>PublicFolderOffice365ConfigurationValidator</ValidatorName>
    <ConnectorFactory>MailboxConnectorSettingsExchangeOnlineGermany</ConnectorFactory>
    <Implementations>
      <Implementation>MailboxConnectorSettingsExchangeServerPublicFolders</Implementation>
    </Implementations>
    <AdministrativeCredentialsMode>Mandatory</AdministrativeCredentialsMode>
    <IsAutoConfigured>true</IsAutoConfigured>
    <SupportsSizeAssessment>false</SupportsSizeAssessment>
    <UsernameRequirements>Never</UsernameRequirements>
    <PasswordRequirements>Default</PasswordRequirements>
    <RequestUserCredentialsRequirements>Default</RequestUserCredentialsRequirements>
    <UserCredentialsType>UserPassword</UserCredentialsType>
    <IdentifierRequirements>PublicFolderPath</IdentifierRequirements>
    <UserRoles>Everyone</UserRoles>
    <AdministrativeCredentialsType>UserPassword</AdministrativeCredentialsType>
    <WatermarkCommitMethod>AutoCommit</WatermarkCommitMethod>
    <ConnectionMethod>Url</ConnectionMethod>
    <EndpointLocation>Any</EndpointLocation>
    <SupportedItemTypeOverrides>
      <ItemType>Mail</ItemType>
      <ItemType>Calendar</ItemType>
      <ItemType>Contact</ItemType>
      <ItemType>Task</ItemType>
    </SupportedItemTypeOverrides>
    <FieldOverrides>
      <ConfigurationField>
        <Key>AdministrativePassword</Key>
        <InputType>Password</InputType>
      </ConfigurationField>
    </FieldOverrides>
    <RequiredFeatures>
      <Feature>4C2F0D6F-999E-40CC-A066-0DE2EB3C1E0C</Feature>
    </RequiredFeatures>
  </Descriptor>

  <Descriptor>
    <ProjectType>PublicFolder</ProjectType>
    <MailboxConnectorType>ExchangeOnlineUsGovernmentPublicFolder</MailboxConnectorType>
    <ConfigurationName>ExchangePublicFolderConfiguration</ConfigurationName>
    <ValidatorName>PublicFolderOffice365ConfigurationValidator</ValidatorName>
    <ConnectorFactory>MailboxConnectorSettingsExchangeOnlineUsGovernment</ConnectorFactory>
    <Implementations>
      <Implementation>MailboxConnectorSettingsExchangeServerPublicFolders</Implementation>
    </Implementations>
    <AdministrativeCredentialsMode>Mandatory</AdministrativeCredentialsMode>
    <IsAutoConfigured>true</IsAutoConfigured>
    <SupportsSizeAssessment>false</SupportsSizeAssessment>
    <UsernameRequirements>Never</UsernameRequirements>
    <PasswordRequirements>Default</PasswordRequirements>
    <RequestUserCredentialsRequirements>Default</RequestUserCredentialsRequirements>
    <UserCredentialsType>UserPassword</UserCredentialsType>
    <IdentifierRequirements>PublicFolderPath</IdentifierRequirements>
    <UserRoles>Everyone</UserRoles>
    <AdministrativeCredentialsType>UserPassword</AdministrativeCredentialsType>
    <WatermarkCommitMethod>AutoCommit</WatermarkCommitMethod>
    <ConnectionMethod>Url</ConnectionMethod>
    <EndpointLocation>Any</EndpointLocation>
    <SupportedItemTypeOverrides>
      <ItemType>Mail</ItemType>
      <ItemType>Calendar</ItemType>
      <ItemType>Contact</ItemType>
      <ItemType>Task</ItemType>
    </SupportedItemTypeOverrides>
    <FieldOverrides>
      <ConfigurationField>
        <Key>AdministrativePassword</Key>
        <InputType>Password</InputType>
      </ConfigurationField>
    </FieldOverrides>
    <RequiredFeatures>
      <Feature>4C2F0D6F-999E-40CC-A066-0DE2EB3C1E0C</Feature>
    </RequiredFeatures>
  </Descriptor>
</Descriptors>